{"cameraMode":{"drawMode":2,"name":"Shaded Wireframe","section":"Shading Mode"},"sceneLighting":true,"audioPlay":false,"sceneViewState":{"m_AlwaysRefresh":false,"showFog":true,"showSkybox":true,"showFlares":true,"showImageEffects":true,"showParticleSystems":true,"showVisualEffectGraphs":true,"m_FxEnabled":true},"in2DMode":false,"pivot":{"x":-0.17108353972434998,"y":0.9243217706680298,"z":-10.025225639343262},"rotation":{"x":-0.31242841482162478,"y":0.37358537316322329,"z":-0.13526923954486848,"w":-0.8628662824630737},"size":2.1664485931396486,"orthographic":true}